,league,date,home_team,away_team,home_goals,away_goals,odd_home,odd_draw,odd_away,odds_over25
0,E0,16/08/2024,Man United,Fulham,1,0,1.66,4.5,5.6,1.59
1,E0,17/08/2024,Ipswich,Liverpool,0,2,9.4,6.2,1.36,1.45
2,E0,17/08/2024,Arsenal,Wolves,2,0,1.19,9.0,18.0,1.53
3,E0,17/08/2024,Everton,Brighton,0,3,2.78,3.5,2.78,1.88
4,E0,17/08/2024,Newcastle,Southampton,1,0,1.37,6.0,9.2,1.43
5,E0,17/08/2024,Nott'm Forest,Bournemouth,1,1,2.54,3.6,3.0,1.83
6,E0,17/08/2024,West Ham,Aston Villa,1,2,2.5,3.75,2.94,1.63
7,E0,18/08/2024,Brentford,Crystal Palace,2,1,2.54,3.55,3.0,1.84
8,E0,18/08/2024,Chelsea,Man City,0,2,4.3,4.1,1.87,1.56
9,E0,19/08/2024,Leicester,Tottenham,1,1,5.4,4.6,1.65,1.56
10,E0,24/08/2024,Brighton,Man United,2,1,2.58,3.9,2.8,1.62
11,E0,24/08/2024,Crystal Palace,West Ham,0,2,2.24,3.7,3.45,1.82
12,E0,24/08/2024,Fulham,Leicester,2,1,1.89,3.85,4.6,1.96
13,E0,24/08/2024,Man City,Ipswich,4,1,1.1,15.0,34.0,
14,E0,24/08/2024,Southampton,Nott'm Forest,0,1,2.62,3.5,2.96,2.06
15,E0,24/08/2024,Tottenham,Everton,4,0,1.45,5.3,7.8,1.56
16,E0,24/08/2024,Aston Villa,Arsenal,0,2,4.7,4.1,1.8,
17,E0,25/08/2024,Bournemouth,Newcastle,1,1,3.15,3.95,2.3,1.62
18,E0,25/08/2024,Wolves,Chelsea,2,6,4.7,4.2,1.81,1.69
19,E0,25/08/2024,Liverpool,Brentford,2,0,1.26,7.6,12.5,
20,E0,31/08/2024,Arsenal,Brighton,1,1,1.36,6.0,9.4,1.58
21,E0,31/08/2024,Brentford,Southampton,3,1,1.82,4.1,4.8,1.79
22,E0,31/08/2024,Everton,Bournemouth,2,3,2.86,3.55,2.68,1.96
23,E0,31/08/2024,Ipswich,Fulham,1,1,3.2,3.6,2.42,1.83
24,E0,31/08/2024,Leicester,Aston Villa,1,2,4.9,4.1,1.8,1.73
25,E0,31/08/2024,Nott'm Forest,Wolves,1,1,2.08,3.8,3.85,1.88
26,E0,31/08/2024,West Ham,Man City,1,3,8.2,5.9,1.4,1.51
27,E0,01/09/2024,Chelsea,Crystal Palace,1,1,1.65,4.6,5.4,1.56
28,E0,01/09/2024,Newcastle,Tottenham,2,1,2.62,4.0,2.66,1.42
29,E0,01/09/2024,Man United,Liverpool,0,3,4.0,4.3,1.9,1.49
30,E0,14/09/2024,Southampton,Man United,0,3,4.9,4.2,1.78,1.65
31,E0,14/09/2024,Brighton,Ipswich,0,0,1.4,5.6,9.0,1.59
32,E0,14/09/2024,Crystal Palace,Leicester,2,2,1.67,4.3,5.9,1.79
33,E0,14/09/2024,Fulham,West Ham,1,1,2.5,3.6,3.0,1.77
34,E0,14/09/2024,Liverpool,Nott'm Forest,0,1,1.24,7.8,14.5,1.47
35,E0,14/09/2024,Man City,Brentford,2,1,1.19,9.6,17.5,1.39
36,E0,14/09/2024,Aston Villa,Everton,3,2,1.54,4.7,7.0,1.73
37,E0,14/09/2024,Bournemouth,Chelsea,0,1,3.55,4.1,2.08,1.49
38,E0,15/09/2024,Tottenham,Arsenal,0,1,3.1,3.75,2.4,1.65
39,E0,15/09/2024,Wolves,Newcastle,1,2,3.55,3.85,2.16,1.6
40,E0,21/09/2024,West Ham,Chelsea,0,3,3.6,4.0,2.08,1.57
41,E0,21/09/2024,Aston Villa,Wolves,3,1,1.62,4.5,5.9,1.62
42,E0,21/09/2024,Fulham,Newcastle,3,1,3.0,3.65,2.52,1.73
43,E0,21/09/2024,Leicester,Everton,1,1,2.62,3.5,2.96,1.94
44,E0,21/09/2024,Liverpool,Bournemouth,3,0,1.31,6.8,10.5,1.41
45,E0,21/09/2024,Southampton,Ipswich,1,1,2.34,3.6,3.3,1.86
46,E0,21/09/2024,Tottenham,Brentford,3,1,1.59,4.9,5.8,1.47
47,E0,21/09/2024,Crystal Palace,Man United,0,0,2.96,3.85,2.46,1.64
48,E0,22/09/2024,Brighton,Nott'm Forest,2,2,1.79,4.0,4.9,1.93
49,E0,22/09/2024,Man City,Arsenal,2,2,1.88,3.65,4.9,2.14
50,E0,28/09/2024,Newcastle,Man City,1,1,5.6,4.7,1.64,1.52
51,E0,28/09/2024,Arsenal,Leicester,4,2,1.19,9.0,19.0,1.54
52,E0,28/09/2024,Brentford,West Ham,1,1,2.32,3.7,3.3,1.75
53,E0,28/09/2024,Chelsea,Brighton,4,2,1.77,4.4,4.7,1.54
54,E0,28/09/2024,Everton,Crystal Palace,2,1,2.84,3.5,2.74,1.96
55,E0,28/09/2024,Nott'm Forest,Fulham,0,1,2.44,3.45,3.25,2.08
56,E0,28/09/2024,Wolves,Liverpool,1,2,9.0,6.0,1.37,1.48
57,E0,29/09/2024,Ipswich,Aston Villa,2,2,4.4,3.85,1.92,1.77
58,E0,29/09/2024,Man United,Tottenham,0,3,2.46,4.0,2.86,1.46
59,E0,30/09/2024,Bournemouth,Southampton,3,1,1.68,4.4,5.5,1.53
60,E0,05/10/2024,Crystal Palace,Liverpool,0,1,6.6,4.9,1.55,1.62
61,E0,05/10/2024,Arsenal,Southampton,3,1,1.14,11.0,26.0,1.4
62,E0,05/10/2024,Brentford,Wolves,5,3,2.16,3.75,3.65,1.83
63,E0,05/10/2024,Leicester,Bournemouth,1,0,3.5,3.75,2.22,1.72
64,E0,05/10/2024,Man City,Fulham,3,2,1.26,7.6,13.0,1.5
65,E0,05/10/2024,West Ham,Ipswich,4,1,1.83,4.1,4.6,1.72
66,E0,05/10/2024,Everton,Newcastle,0,0,3.25,3.75,2.32,1.72
67,E0,06/10/2024,Aston Villa,Man United,0,0,2.28,3.95,3.2,1.59
68,E0,06/10/2024,Chelsea,Nott'm Forest,1,1,1.5,4.9,7.4,1.6
69,E0,06/10/2024,Brighton,Tottenham,3,2,3.0,4.1,2.34,1.41
70,E0,19/10/2024,Tottenham,West Ham,4,1,1.54,5.2,6.2,1.42
71,E0,19/10/2024,Fulham,Aston Villa,1,3,2.52,3.6,3.0,1.77
72,E0,19/10/2024,Ipswich,Everton,0,2,2.48,3.5,3.15,1.88
73,E0,19/10/2024,Man United,Brentford,2,1,1.74,4.5,4.8,1.56
74,E0,19/10/2024,Newcastle,Brighton,0,1,2.02,4.0,3.75,1.56
75,E0,19/10/2024,Southampton,Leicester,2,3,2.42,3.65,3.15,1.82
76,E0,19/10/2024,Bournemouth,Arsenal,2,0,5.5,4.1,1.72,1.79
77,E0,20/10/2024,Wolves,Man City,1,2,10.0,6.2,1.34,1.5
78,E0,20/10/2024,Liverpool,Chelsea,2,1,1.69,4.5,5.2,1.46
79,E0,21/10/2024,Nott'm Forest,Crystal Palace,1,0,2.48,3.4,3.2,2.26
80,E0,25/10/2024,Leicester,Nott'm Forest,1,3,3.2,3.4,2.48,2.16
81,E0,26/10/2024,Aston Villa,Bournemouth,1,1,1.9,4.1,4.3,1.65
82,E0,26/10/2024,Brentford,Ipswich,4,3,1.71,4.4,5.2,1.69
83,E0,26/10/2024,Brighton,Wolves,2,2,1.67,4.5,5.5,1.61
84,E0,26/10/2024,Man City,Southampton,1,0,1.13,12.5,26.0,1.3
85,E0,26/10/2024,Everton,Fulham,1,1,2.82,3.45,2.78,1.95
86,E0,27/10/2024,Chelsea,Newcastle,2,1,1.8,4.4,4.4,1.49
87,E0,27/10/2024,Crystal Palace,Tottenham,1,0,4.1,4.1,1.94,1.64
88,E0,27/10/2024,West Ham,Man United,2,1,3.0,3.8,2.44,1.59
89,E0,27/10/2024,Arsenal,Liverpool,2,2,2.58,3.45,3.05,2.0
90,E0,02/11/2024,Newcastle,Arsenal,1,0,4.0,3.8,2.04,1.9
91,E0,02/11/2024,Bournemouth,Man City,2,1,5.9,4.6,1.62,1.63
92,E0,02/11/2024,Ipswich,Leicester,1,1,2.34,3.7,3.25,1.74
93,E0,02/11/2024,Liverpool,Brighton,2,1,1.42,5.8,8.0,1.45
94,E0,02/11/2024,Nott'm Forest,West Ham,3,0,2.2,3.6,3.65,1.92
95,E0,02/11/2024,Southampton,Everton,1,0,2.76,3.55,2.76,1.87
96,E0,02/11/2024,Wolves,Crystal Palace,2,2,2.6,3.5,3.0,1.92
97,E0,03/11/2024,Tottenham,Aston Villa,4,1,1.99,4.2,3.8,1.48
98,E0,03/11/2024,Man United,Chelsea,1,1,2.7,3.9,2.66,1.5
99,E0,04/11/2024,Fulham,Brentford,2,1,2.08,3.85,3.75,1.72
100,E0,09/11/2024,Brentford,Bournemouth,3,2,2.62,3.75,2.8,1.64
101,E0,09/11/2024,Crystal Palace,Fulham,0,2,2.9,3.5,2.68,2.0
102,E0,09/11/2024,West Ham,Everton,0,0,2.22,3.55,3.7,1.9
103,E0,09/11/2024,Wolves,Southampton,2,0,1.99,3.95,4.0,1.71
104,E0,09/11/2024,Brighton,Man City,2,1,4.6,4.4,1.79,1.55
105,E0,09/11/2024,Liverpool,Aston Villa,2,0,1.46,5.5,7.2,1.47
106,E0,10/11/2024,Man United,Leicester,3,0,1.4,6.0,8.2,1.5
107,E0,10/11/2024,Nott'm Forest,Newcastle,1,3,2.78,3.4,2.86,1.97
108,E0,10/11/2024,Tottenham,Ipswich,1,2,1.29,7.4,10.5,1.33
109,E0,10/11/2024,Chelsea,Arsenal,1,1,2.94,3.5,2.64,1.78
110,E0,23/11/2024,Leicester,Chelsea,1,2,7.2,5.0,1.49,1.53
111,E0,23/11/2024,Arsenal,Nott'm Forest,3,0,1.38,5.3,10.5,1.83
112,E0,23/11/2024,Aston Villa,Crystal Palace,2,2,1.68,4.3,5.8,1.8
113,E0,23/11/2024,Bournemouth,Brighton,1,2,2.46,3.7,3.05,1.61
114,E0,23/11/2024,Everton,Brentford,0,0,2.5,3.5,3.1,1.9
115,E0,23/11/2024,Fulham,Wolves,1,4,1.69,4.3,5.5,1.74
116,E0,23/11/2024,Man City,Tottenham,0,4,1.5,5.3,6.6,1.33
117,E0,24/11/2024,Southampton,Liverpool,2,3,12.0,6.4,1.31,1.47
118,E0,24/11/2024,Ipswich,Man United,1,1,5.5,4.4,1.67,1.6
119,E0,25/11/2024,Newcastle,West Ham,0,2,1.52,4.9,6.8,1.58
120,E0,29/11/2024,Brighton,Southampton,1,1,1.41,5.6,8.6,1.46
121,E0,30/11/2024,Brentford,Leicester,4,1,1.69,4.4,5.3,1.62
122,E0,30/11/2024,Crystal Palace,Newcastle,1,1,3.15,3.65,2.42,1.86
123,E0,30/11/2024,Nott'm Forest,Ipswich,1,0,1.78,4.0,5.3,1.94
124,E0,30/11/2024,Wolves,Bournemouth,2,4,2.9,3.7,2.58,1.7
125,E0,30/11/2024,West Ham,Arsenal,2,5,7.6,5.0,1.48,1.73
126,E0,01/12/2024,Chelsea,Aston Villa,3,0,1.74,4.4,5.0,1.57
127,E0,01/12/2024,Man United,Everton,4,0,1.56,4.6,7.0,1.8
128,E0,01/12/2024,Tottenham,Fulham,1,1,1.75,4.6,4.5,1.46
129,E0,01/12/2024,Liverpool,Man City,2,0,2.14,3.85,3.55,1.57
130,E0,03/12/2024,Ipswich,Crystal Palace,0,1,3.2,3.45,2.46,2.04
131,E0,03/12/2024,Leicester,West Ham,3,1,3.0,3.6,2.56,1.83
132,E0,04/12/2024,Everton,Wolves,4,0,2.24,3.55,3.65,2.06
133,E0,04/12/2024,Man City,Nott'm Forest,3,0,1.38,5.7,9.4,1.62
134,E0,04/12/2024,Newcastle,Liverpool,3,3,4.6,4.1,1.83,1.64
135,E0,04/12/2024,Southampton,Chelsea,1,5,9.6,6.0,1.36,1.46
136,E0,04/12/2024,Arsenal,Man United,2,0,1.47,5.0,7.8,1.67
137,E0,04/12/2024,Aston Villa,Brentford,3,1,1.85,4.1,4.5,1.61
138,E0,05/12/2024,Fulham,Brighton,3,1,2.46,3.7,3.05,1.65
139,E0,05/12/2024,Bournemouth,Tottenham,1,0,2.78,4.0,2.54,1.45
140,E0,07/12/2024,Aston Villa,Southampton,1,0,1.4,5.9,8.6,1.47
141,E0,07/12/2024,Brentford,Newcastle,4,2,3.0,3.85,2.42,1.6
142,E0,07/12/2024,Crystal Palace,Man City,2,2,5.8,4.4,1.65,1.67
143,E0,07/12/2024,Man United,Nott'm Forest,2,3,1.71,4.2,5.5,1.85
144,E0,08/12/2024,Fulham,Arsenal,1,1,6.0,4.4,1.64,1.83
145,E0,08/12/2024,Ipswich,Bournemouth,1,2,3.75,3.85,2.08,1.75
146,E0,08/12/2024,Leicester,Brighton,2,2,4.8,4.2,1.79,1.64
147,E0,08/12/2024,Tottenham,Chelsea,3,4,3.4,4.1,2.12,1.4
148,E0,09/12/2024,West Ham,Wolves,2,1,1.94,4.0,4.0,1.63
149,E0,14/12/2024,Arsenal,Everton,0,0,1.24,7.2,16.5,1.71
150,E0,14/12/2024,Liverpool,Fulham,2,2,1.34,6.2,10.0,1.53
151,E0,14/12/2024,Newcastle,Leicester,4,0,1.33,6.2,10.5,1.5
152,E0,14/12/2024,Wolves,Ipswich,1,2,1.98,3.9,4.1,1.77
153,E0,14/12/2024,Nott'm Forest,Aston Villa,2,1,2.76,3.45,2.82,1.94
154,E0,15/12/2024,Brighton,Crystal Palace,1,3,1.93,3.95,4.3,1.75
155,E0,15/12/2024,Man City,Man United,1,2,1.62,4.9,5.5,1.47
156,E0,15/12/2024,Chelsea,Brentford,2,1,1.35,6.4,9.4,1.35
157,E0,15/12/2024,Southampton,Tottenham,0,5,4.5,4.7,1.74,1.34
158,E0,16/12/2024,Bournemouth,West Ham,1,1,1.74,4.3,5.0,1.56
159,E0,21/12/2024,Aston Villa,Man City,2,1,3.4,3.9,2.2,1.62
160,E0,21/12/2024,Brentford,Nott'm Forest,0,2,2.44,3.65,3.1,1.75
161,E0,21/12/2024,Ipswich,Newcastle,0,4,5.0,4.1,1.78,1.68
162,E0,21/12/2024,West Ham,Brighton,1,1,2.94,3.85,2.48,1.54
163,E0,21/12/2024,Crystal Palace,Arsenal,1,5,6.6,4.3,1.59,1.89
164,E0,22/12/2024,Everton,Chelsea,0,0,5.6,4.4,1.66,1.7
165,E0,22/12/2024,Fulham,Southampton,0,0,1.43,5.3,8.2,1.6
166,E0,22/12/2024,Leicester,Wolves,0,3,2.62,3.7,2.84,1.7
167,E0,22/12/2024,Man United,Bournemouth,0,3,1.87,4.1,4.4,1.64
168,E0,22/12/2024,Tottenham,Liverpool,3,6,4.6,4.5,1.77,1.34
169,E0,26/12/2024,Man City,Everton,1,1,1.36,6.0,9.6,1.64
170,E0,26/12/2024,Bournemouth,Crystal Palace,0,0,1.96,3.9,4.1,1.75
171,E0,26/12/2024,Chelsea,Fulham,1,2,1.49,5.3,7.0,1.5
172,E0,26/12/2024,Newcastle,Aston Villa,3,0,1.97,4.0,3.95,1.64
173,E0,26/12/2024,Nott'm Forest,Tottenham,1,0,2.42,3.9,2.98,1.51
174,E0,26/12/2024,Southampton,West Ham,0,1,3.4,3.7,2.28,1.73
175,E0,26/12/2024,Wolves,Man United,2,0,4.0,3.8,2.02,1.75
176,E0,26/12/2024,Liverpool,Leicester,3,1,1.1,14.5,30.0,1.24
177,E0,27/12/2024,Brighton,Brentford,0,0,1.68,4.6,5.2,1.48
178,E0,27/12/2024,Arsenal,Ipswich,1,0,1.17,10.0,21.0,1.43
179,E0,29/12/2024,Leicester,Man City,0,2,9.0,6.0,1.37,1.41
180,E0,29/12/2024,Crystal Palace,Southampton,2,1,1.64,4.3,6.0,1.8
181,E0,29/12/2024,Everton,Nott'm Forest,0,2,2.8,3.25,2.94,2.32
182,E0,29/12/2024,Fulham,Bournemouth,2,2,2.44,3.7,3.1,1.74
183,E0,29/12/2024,Tottenham,Wolves,2,2,1.68,5.0,4.7,1.35
184,E0,29/12/2024,West Ham,Liverpool,0,5,7.6,5.7,1.44,1.43
185,E0,30/12/2024,Aston Villa,Brighton,2,2,2.0,3.8,3.75,1.56
186,E0,30/12/2024,Ipswich,Chelsea,2,0,7.4,5.1,1.43,1.42
187,E0,30/12/2024,Man United,Newcastle,0,2,2.82,3.7,2.6,1.65
188,E0,01/01/2025,Brentford,Arsenal,1,3,7.4,5.1,1.49,1.58
189,E0,04/01/2025,Tottenham,Newcastle,1,2,3.05,4.1,2.3,1.37
190,E0,04/01/2025,Aston Villa,Leicester,2,1,1.35,5.9,10.5,1.53
191,E0,04/01/2025,Bournemouth,Everton,1,0,1.78,4.0,5.2,1.92
192,E0,04/01/2025,Crystal Palace,Chelsea,1,1,3.9,4.0,2.0,1.62
193,E0,04/01/2025,Man City,West Ham,4,1,1.33,6.8,9.4,1.39
194,E0,04/01/2025,Southampton,Brentford,0,5,2.92,3.65,2.58,1.71
195,E0,04/01/2025,Brighton,Arsenal,1,1,4.7,4.0,1.83,1.76
196,E0,05/01/2025,Fulham,Ipswich,2,2,1.59,4.5,6.2,1.76
197,E0,05/01/2025,Liverpool,Man United,2,2,1.31,6.6,11.0,1.45
198,E0,06/01/2025,Wolves,Nott'm Forest,0,3,3.4,3.4,2.4,2.16
199,E0,14/01/2025,Brentford,Man City,2,2,5.3,4.6,1.67,1.42
200,E0,14/01/2025,Chelsea,Bournemouth,2,2,1.55,5.0,6.2,1.47
201,E0,14/01/2025,West Ham,Fulham,3,2,3.1,3.55,2.5,1.89
202,E0,14/01/2025,Nott'm Forest,Liverpool,1,1,5.6,4.3,1.68,1.68
203,E0,15/01/2025,Everton,Aston Villa,0,1,3.35,3.35,2.46,2.18
204,E0,15/01/2025,Leicester,Crystal Palace,0,2,4.0,3.85,2.0,1.79
205,E0,15/01/2025,Newcastle,Wolves,3,0,1.37,5.9,9.4,1.48
206,E0,15/01/2025,Arsenal,Tottenham,2,1,1.45,5.5,7.6,1.47
207,E0,16/01/2025,Ipswich,Brighton,0,2,4.0,3.8,2.02,1.76
208,E0,16/01/2025,Man United,Southampton,3,1,1.32,6.4,11.0,1.55
209,E0,18/01/2025,Newcastle,Bournemouth,1,4,1.69,4.4,5.4,1.61
210,E0,18/01/2025,Brentford,Liverpool,0,2,7.2,5.5,1.46,1.39
211,E0,18/01/2025,Leicester,Fulham,0,2,4.5,3.9,1.91,1.8
212,E0,18/01/2025,West Ham,Crystal Palace,0,2,2.74,3.5,2.82,1.84
213,E0,18/01/2025,Arsenal,Aston Villa,2,2,1.55,4.5,7.2,1.91
214,E0,19/01/2025,Everton,Tottenham,3,2,2.9,3.7,2.56,1.76
215,E0,19/01/2025,Man United,Brighton,1,3,2.12,3.85,3.65,1.73
216,E0,19/01/2025,Nott'm Forest,Southampton,3,2,1.44,5.1,8.6,1.8
217,E0,19/01/2025,Ipswich,Man City,0,6,8.8,5.7,1.39,1.49
218,E0,20/01/2025,Chelsea,Wolves,3,1,1.42,5.7,8.2,1.37
219,E0,25/01/2025,Bournemouth,Nott'm Forest,5,0,2.14,3.75,3.65,1.88
220,E0,25/01/2025,Brighton,Everton,0,1,1.73,3.95,5.8,1.97
221,E0,25/01/2025,Liverpool,Ipswich,4,1,1.12,14.5,26.0,1.28
222,E0,25/01/2025,Southampton,Newcastle,1,3,7.6,5.4,1.45,1.48
223,E0,25/01/2025,Wolves,Arsenal,0,1,7.6,5.0,1.49,1.78
224,E0,25/01/2025,Man City,Chelsea,3,1,2.08,4.1,3.5,1.44
225,E0,26/01/2025,Crystal Palace,Brentford,1,2,2.12,3.75,3.65,1.82
226,E0,26/01/2025,Tottenham,Leicester,1,2,1.49,5.6,6.4,1.37
227,E0,26/01/2025,Aston Villa,West Ham,1,1,1.61,4.5,6.2,1.72
228,E0,26/01/2025,Fulham,Man United,0,1,2.42,3.5,3.25,1.94
229,E0,01/02/2025,Nott'm Forest,Brighton,7,0,2.56,3.55,3.05,2.02
230,E0,01/02/2025,Bournemouth,Liverpool,0,2,4.8,4.6,1.72,1.51
231,E0,01/02/2025,Everton,Leicester,4,0,1.85,3.8,5.0,2.1
232,E0,01/02/2025,Ipswich,Southampton,1,2,2.06,3.7,4.0,1.8
233,E0,01/02/2025,Newcastle,Fulham,1,2,1.78,4.0,5.0,1.7
234,E0,01/02/2025,Wolves,Aston Villa,2,0,3.55,3.75,2.18,1.75
235,E0,02/02/2025,Brentford,Tottenham,0,2,2.18,4.2,3.25,1.38
236,E0,02/02/2025,Man United,Crystal Palace,0,2,2.08,3.6,4.1,1.89
237,E0,02/02/2025,Arsenal,Man City,5,1,2.02,3.65,4.1,1.77
238,E0,03/02/2025,Chelsea,West Ham,2,1,1.39,6.0,8.6,1.43
239,E0,12/02/2025,Everton,Liverpool,2,2,8.0,5.0,1.48,1.75
240,E0,14/02/2025,Brighton,Chelsea,3,0,3.0,3.7,2.5,1.65
241,E0,15/02/2025,Leicester,Arsenal,0,2,11.0,5.8,1.34,1.76
242,E0,15/02/2025,Aston Villa,Ipswich,1,1,1.45,5.2,8.2,1.63
243,E0,15/02/2025,Fulham,Nott'm Forest,2,1,2.3,3.4,3.55,2.14
244,E0,15/02/2025,Man City,Newcastle,4,0,2.0,4.3,3.65,1.5
245,E0,15/02/2025,Southampton,Bournemouth,1,3,6.2,4.8,1.56,1.54
246,E0,15/02/2025,West Ham,Brentford,0,1,2.48,3.75,2.98,1.65
247,E0,15/02/2025,Crystal Palace,Everton,1,2,1.87,3.6,5.2,2.36
248,E0,16/02/2025,Liverpool,Wolves,2,1,1.21,8.8,15.5,1.4
249,E0,16/02/2025,Tottenham,Man United,1,0,2.48,3.9,2.86,1.54
250,E0,19/02/2025,Aston Villa,Liverpool,2,2,4.1,4.1,1.92,1.6
251,E0,21/02/2025,Leicester,Brentford,0,4,3.9,4.0,2.0,1.64
252,E0,22/02/2025,Everton,Man United,2,2,2.68,3.25,3.05,2.28
253,E0,22/02/2025,Arsenal,West Ham,0,1,1.28,6.6,13.0,1.74
254,E0,22/02/2025,Bournemouth,Wolves,0,1,1.61,4.5,6.0,1.63
255,E0,22/02/2025,Fulham,Crystal Palace,0,2,2.12,3.55,3.9,2.04
256,E0,22/02/2025,Ipswich,Tottenham,1,4,4.2,4.0,1.93,1.55
257,E0,22/02/2025,Southampton,Brighton,0,4,6.2,4.6,1.6,1.61
258,E0,22/02/2025,Aston Villa,Chelsea,2,1,2.7,3.8,2.7,1.61
259,E0,23/02/2025,Newcastle,Nott'm Forest,4,3,1.86,4.0,4.4,1.71
260,E0,23/02/2025,Man City,Liverpool,0,2,3.0,4.1,2.32,1.44
261,E0,25/02/2025,Brighton,Bournemouth,2,1,2.14,3.95,3.5,1.67
262,E0,25/02/2025,Crystal Palace,Aston Villa,4,1,2.64,3.5,2.94,1.94
263,E0,25/02/2025,Wolves,Fulham,1,2,2.8,3.45,2.78,2.1
264,E0,25/02/2025,Chelsea,Southampton,4,0,1.19,9.6,17.5,1.32
265,E0,26/02/2025,Brentford,Everton,1,1,2.1,3.8,3.75,1.88
266,E0,26/02/2025,Man United,Ipswich,3,2,1.56,4.8,6.6,1.69
267,E0,26/02/2025,Nott'm Forest,Arsenal,0,0,4.1,3.65,2.06,2.24
268,E0,26/02/2025,Tottenham,Man City,0,1,3.45,4.2,2.1,1.39
269,E0,26/02/2025,Liverpool,Newcastle,2,0,1.54,5.2,6.2,1.49
270,E0,27/02/2025,West Ham,Leicester,2,0,1.67,4.4,5.5,1.75
271,E0,08/03/2025,Nott'm Forest,Man City,1,0,4.1,4.0,1.94,1.6
272,E0,08/03/2025,Brighton,Fulham,2,1,2.06,3.7,3.95,1.8
273,E0,08/03/2025,Crystal Palace,Ipswich,1,0,1.52,4.7,7.4,1.83
274,E0,08/03/2025,Liverpool,Southampton,3,1,1.15,11.0,22.0,1.29
275,E0,08/03/2025,Brentford,Aston Villa,0,1,2.34,3.95,3.05,1.55
276,E0,08/03/2025,Wolves,Everton,1,1,2.8,3.2,2.98,2.34
277,E0,09/03/2025,Chelsea,Leicester,1,0,1.22,8.8,14.0,1.38
278,E0,09/03/2025,Tottenham,Bournemouth,2,2,2.84,4.0,2.46,1.44
279,E0,09/03/2025,Man United,Arsenal,1,1,6.0,3.7,1.76,2.3
280,E0,10/03/2025,West Ham,Newcastle,0,1,3.35,3.65,2.28,1.75
281,E0,15/03/2025,Everton,West Ham,1,1,2.18,3.35,4.0,2.42
282,E0,15/03/2025,Ipswich,Nott'm Forest,2,4,4.0,3.7,2.04,1.92
283,E0,15/03/2025,Man City,Brighton,2,2,1.7,4.6,5.0,1.55
284,E0,15/03/2025,Southampton,Wolves,1,2,3.95,3.65,2.1,1.86
285,E0,15/03/2025,Bournemouth,Brentford,1,2,1.8,4.3,4.5,1.53
286,E0,16/03/2025,Arsenal,Chelsea,1,0,1.86,3.9,4.8,1.95
287,E0,16/03/2025,Fulham,Tottenham,2,0,2.08,3.95,3.7,1.63
288,E0,16/03/2025,Leicester,Man United,0,3,4.6,3.85,1.88,1.84
289,E0,01/04/2025,Arsenal,Fulham,2,1,1.51,4.3,9.0,2.24
290,E0,01/04/2025,Wolves,West Ham,1,0,2.66,3.3,3.05,2.28
291,E0,01/04/2025,Nott'm Forest,Man United,1,0,2.38,3.5,3.3,2.02
292,E0,02/04/2025,Bournemouth,Ipswich,1,2,1.41,5.6,8.6,1.56
293,E0,02/04/2025,Brighton,Aston Villa,0,3,2.2,3.95,3.4,1.66
294,E0,02/04/2025,Man City,Leicester,2,0,1.22,8.6,15.0,1.42
295,E0,02/04/2025,Newcastle,Brentford,2,1,1.78,4.6,4.5,1.51
296,E0,02/04/2025,Southampton,Crystal Palace,1,1,6.2,4.2,1.65,1.82
297,E0,02/04/2025,Liverpool,Everton,1,0,1.38,5.4,10.5,1.8
298,E0,03/04/2025,Chelsea,Tottenham,1,0,1.7,4.8,4.8,1.45
299,E0,05/04/2025,Everton,Arsenal,1,1,5.8,3.5,1.84,2.44
300,E0,05/04/2025,Crystal Palace,Brighton,2,1,2.5,3.6,3.05,1.83
301,E0,05/04/2025,Ipswich,Wolves,1,2,2.84,3.4,2.76,2.2
302,E0,05/04/2025,West Ham,Bournemouth,2,2,3.1,3.6,2.48,1.86
303,E0,05/04/2025,Aston Villa,Nott'm Forest,2,1,2.04,3.75,3.95,1.89
304,E0,06/04/2025,Brentford,Chelsea,0,0,3.4,3.85,2.2,1.59
305,E0,06/04/2025,Fulham,Liverpool,3,2,4.6,3.9,1.9,1.84
306,E0,06/04/2025,Tottenham,Southampton,3,1,1.42,5.9,7.6,1.43
307,E0,06/04/2025,Man United,Man City,0,0,3.5,3.75,2.2,1.74
308,E0,07/04/2025,Leicester,Newcastle,0,3,7.2,4.8,1.51,1.57
309,E0,12/04/2025,Man City,Crystal Palace,5,2,1.55,4.9,6.4,1.59
310,E0,12/04/2025,Brighton,Leicester,2,2,1.3,6.4,12.5,1.66
311,E0,12/04/2025,Nott'm Forest,Everton,0,1,2.16,3.4,4.0,2.3
312,E0,12/04/2025,Southampton,Aston Villa,0,3,6.2,4.6,1.58,1.62
313,E0,12/04/2025,Arsenal,Brentford,1,1,1.64,4.4,5.8,1.81
314,E0,13/04/2025,Chelsea,Ipswich,2,2,1.3,6.8,10.5,1.5
315,E0,13/04/2025,Liverpool,West Ham,2,1,1.32,6.4,11.0,1.58
316,E0,13/04/2025,Wolves,Tottenham,4,2,2.28,3.7,3.35,1.73
317,E0,13/04/2025,Newcastle,Man United,4,1,1.67,4.4,5.5,1.7
318,E0,14/04/2025,Bournemouth,Fulham,1,0,2.2,3.65,3.55,1.69
319,E0,16/04/2025,Newcastle,Crystal Palace,5,0,1.75,4.1,5.3,1.73
320,E0,19/04/2025,Brentford,Brighton,4,2,2.6,3.75,2.84,1.65
321,E0,19/04/2025,Crystal Palace,Bournemouth,0,0,2.66,3.6,2.82,1.84
322,E0,19/04/2025,Everton,Man City,0,2,4.1,3.75,2.02,1.89
323,E0,19/04/2025,West Ham,Southampton,1,1,1.55,4.6,7.0,1.75
324,E0,19/04/2025,Aston Villa,Newcastle,4,1,2.46,3.7,3.0,1.7
325,E0,20/04/2025,Fulham,Chelsea,1,2,2.98,3.65,2.52,1.79
326,E0,20/04/2025,Ipswich,Arsenal,0,4,9.2,5.0,1.44,1.79
327,E0,20/04/2025,Man United,Wolves,0,1,2.1,3.65,3.9,2.04
328,E0,20/04/2025,Leicester,Liverpool,0,1,13.5,7.2,1.26,1.49
329,E0,21/04/2025,Tottenham,Nott'm Forest,1,2,2.6,3.8,2.78,1.57
330,E0,22/04/2025,Man City,Aston Villa,2,1,1.9,4.2,4.1,1.56
331,E0,23/04/2025,Arsenal,Crystal Palace,2,2,1.41,5.1,9.8,1.9
332,E0,26/04/2025,Chelsea,Everton,1,0,1.62,4.2,6.6,1.91
333,E0,26/04/2025,Brighton,West Ham,3,2,1.76,4.2,5.1,1.73
334,E0,26/04/2025,Newcastle,Ipswich,3,0,1.21,8.4,18.0,1.38
335,E0,26/04/2025,Southampton,Fulham,1,2,5.8,4.3,1.67,1.75
336,E0,26/04/2025,Wolves,Leicester,3,0,1.59,4.4,6.8,1.81
337,E0,27/04/2025,Bournemouth,Man United,1,1,1.72,4.3,5.0,1.74
338,E0,27/04/2025,Liverpool,Tottenham,5,1,1.27,7.2,11.5,1.36
339,E0,01/05/2025,Nott'm Forest,Brentford,0,2,2.26,3.7,3.45,1.86
340,E0,02/05/2025,Man City,Wolves,1,0,1.43,5.3,8.6,1.58
341,E0,03/05/2025,Aston Villa,Fulham,1,0,1.84,4.0,4.7,1.78
342,E0,03/05/2025,Everton,Ipswich,2,2,1.52,4.5,8.0,1.98
343,E0,03/05/2025,Leicester,Southampton,2,0,2.44,3.75,3.05,1.81
344,E0,03/05/2025,Arsenal,Bournemouth,1,2,2.16,3.7,3.65,1.89
345,E0,04/05/2025,Brentford,Man United,4,3,1.76,4.3,4.9,1.7
346,E0,04/05/2025,Brighton,Newcastle,1,1,2.94,3.9,2.42,1.59
347,E0,04/05/2025,West Ham,Tottenham,1,1,2.14,3.85,3.5,1.62
348,E0,04/05/2025,Chelsea,Liverpool,3,1,2.24,3.9,3.3,1.6
349,E0,05/05/2025,Crystal Palace,Nott'm Forest,1,1,2.38,3.45,3.35,1.93
350,E0,10/05/2025,Fulham,Everton,1,3,1.9,3.65,4.9,1.95
351,E0,10/05/2025,Ipswich,Brentford,0,1,5.6,4.4,1.68,1.55
352,E0,10/05/2025,Southampton,Man City,0,0,15.0,8.6,1.22,1.33
353,E0,10/05/2025,Wolves,Brighton,0,2,2.96,3.6,2.56,1.71
354,E0,10/05/2025,Bournemouth,Aston Villa,0,1,2.58,3.8,2.8,1.59
355,E0,11/05/2025,Newcastle,Chelsea,2,0,2.28,3.85,3.3,1.53
356,E0,11/05/2025,Man United,West Ham,0,2,2.04,3.8,3.85,1.73
357,E0,11/05/2025,Nott'm Forest,Leicester,2,2,1.38,5.6,10.0,1.63
358,E0,11/05/2025,Tottenham,Crystal Palace,0,2,2.82,3.7,2.58,1.61
359,E0,11/05/2025,Liverpool,Arsenal,2,2,2.24,3.6,3.5,1.83
360,E0,16/05/2025,Aston Villa,Tottenham,2,0,1.35,6.2,9.6,1.41
361,E0,16/05/2025,Chelsea,Man United,1,0,1.48,5.2,7.2,1.55
362,E0,18/05/2025,Everton,Southampton,2,0,1.43,5.1,8.8,1.83
363,E0,18/05/2025,West Ham,Nott'm Forest,1,2,2.92,3.5,2.64,2.0
364,E0,18/05/2025,Brentford,Fulham,2,3,1.99,4.0,3.9,1.69
365,E0,18/05/2025,Leicester,Ipswich,2,0,2.38,3.7,3.1,1.78
366,E0,18/05/2025,Arsenal,Newcastle,1,0,2.04,3.75,4.0,1.82
367,E0,19/05/2025,Brighton,Liverpool,3,2,2.74,3.95,2.52,1.44
368,E0,20/05/2025,Crystal Palace,Wolves,4,2,2.4,3.4,3.35,1.07
369,E0,20/05/2025,Man City,Bournemouth,3,1,1.57,4.7,6.2,1.04
370,E0,25/05/2025,Bournemouth,Leicester,2,0,1.37,5.8,9.6,1.53
371,E0,25/05/2025,Fulham,Man City,0,2,5.6,4.6,1.64,1.56
372,E0,25/05/2025,Ipswich,West Ham,1,3,3.15,3.9,2.28,1.56
373,E0,25/05/2025,Liverpool,Crystal Palace,1,1,1.44,6.0,7.0,1.36
374,E0,25/05/2025,Man United,Aston Villa,2,0,4.7,4.3,1.79,1.62
375,E0,25/05/2025,Newcastle,Everton,0,1,1.35,6.2,9.6,1.58
376,E0,25/05/2025,Nott'm Forest,Chelsea,0,1,3.3,3.9,2.24,1.77
377,E0,25/05/2025,Southampton,Arsenal,1,2,11.5,6.4,1.31,1.52
378,E0,25/05/2025,Tottenham,Brighton,1,4,4.4,4.7,1.75,1.35
379,E0,25/05/2025,Wolves,Brentford,1,1,2.86,3.85,2.54,1.55
0,E0,15/08/2025,Liverpool,Bournemouth,4,2,1.34,6.6,9.4,1.4
1,E0,16/08/2025,Aston Villa,Newcastle,0,0,2.4,3.75,3.1,1.72
2,E0,16/08/2025,Brighton,Fulham,1,1,1.99,3.85,4.2,1.78
3,E0,16/08/2025,Sunderland,West Ham,3,0,3.35,3.5,2.34,2.02
4,E0,16/08/2025,Tottenham,Burnley,3,0,1.42,5.2,9.6,1.75
5,E0,16/08/2025,Wolves,Man City,0,4,7.4,5.2,1.47,1.67
6,E0,17/08/2025,Chelsea,Crystal Palace,0,0,1.67,4.5,5.4,1.71
7,E0,17/08/2025,Nott'm Forest,Brentford,3,1,2.24,3.55,3.55,2.06
8,E0,17/08/2025,Man United,Arsenal,0,1,3.9,3.75,2.06,1.92
9,E0,18/08/2025,Leeds,Everton,1,0,2.46,3.45,3.2,2.14
10,E0,22/08/2025,West Ham,Chelsea,1,5,5.1,4.0,1.78,1.83
11,E0,23/08/2025,Man City,Tottenham,0,2,1.52,5.1,6.6,1.53
12,E0,23/08/2025,Bournemouth,Wolves,1,0,1.85,4.0,4.6,1.8
13,E0,23/08/2025,Brentford,Aston Villa,1,0,3.3,3.65,2.34,1.87
14,E0,23/08/2025,Burnley,Sunderland,2,0,2.32,3.25,3.7,2.48
15,E0,23/08/2025,Arsenal,Leeds,5,0,1.3,6.6,12.0,1.62
16,E0,24/08/2025,Crystal Palace,Nott'm Forest,1,1,2.46,3.35,3.25,2.22
17,E0,24/08/2025,Everton,Brighton,2,0,3.25,3.45,2.44,2.12
18,E0,24/08/2025,Fulham,Man United,1,1,3.5,3.65,2.24,1.9
19,E0,25/08/2025,Newcastle,Liverpool,2,3,3.45,3.95,2.12,1.58
20,E0,30/08/2025,Chelsea,Fulham,2,0,1.62,4.4,6.0,1.74
21,E0,30/08/2025,Man United,Burnley,3,2,1.39,5.6,9.2,1.7
22,E0,30/08/2025,Sunderland,Brentford,2,1,3.15,3.35,2.58,2.2
23,E0,30/08/2025,Tottenham,Bournemouth,0,1,1.79,4.3,4.6,1.63
24,E0,30/08/2025,Wolves,Everton,2,3,2.9,3.25,2.84,2.3
25,E0,30/08/2025,Leeds,Newcastle,0,0,3.7,3.65,2.16,1.89
26,E0,31/08/2025,Brighton,Man City,2,1,4.0,4.0,1.95,1.63
27,E0,31/08/2025,Nott'm Forest,West Ham,0,3,1.72,4.0,5.5,2.02
28,E0,31/08/2025,Liverpool,Arsenal,1,0,2.28,3.55,3.45,1.8
29,E0,31/08/2025,Aston Villa,Crystal Palace,0,3,1.92,3.65,4.5,2.08
30,E0,13/09/2025,Arsenal,Nott'm Forest,3,0,1.4,5.3,9.6,1.75
31,E0,13/09/2025,Bournemouth,Brighton,2,1,2.46,3.65,3.05,1.76
32,E0,13/09/2025,Crystal Palace,Sunderland,0,0,1.75,3.85,5.8,2.28
33,E0,13/09/2025,Everton,Aston Villa,0,0,2.54,3.4,3.15,2.1
34,E0,13/09/2025,Fulham,Leeds,1,0,2.02,3.65,4.2,2.12
35,E0,13/09/2025,Newcastle,Wolves,1,0,1.47,4.9,8.2,1.84
36,E0,13/09/2025,West Ham,Tottenham,0,3,3.6,3.75,2.16,1.81
37,E0,13/09/2025,Brentford,Chelsea,2,2,4.9,4.0,1.82,1.8
38,E0,14/09/2025,Burnley,Liverpool,0,1,9.6,5.8,1.37,1.58
39,E0,14/09/2025,Man City,Man United,3,0,1.82,4.1,4.6,1.62
40,E0,20/09/2025,Liverpool,Everton,2,1,1.49,4.9,8.0,1.65
41,E0,20/09/2025,Brighton,Tottenham,2,2,2.38,3.7,3.15,1.73
42,E0,20/09/2025,Burnley,Nott'm Forest,1,1,3.5,3.45,2.3,2.04
43,E0,20/09/2025,West Ham,Crystal Palace,1,2,3.15,3.45,2.5,2.1
44,E0,20/09/2025,Wolves,Leeds,1,3,2.88,3.2,2.88,2.38
45,E0,20/09/2025,Man United,Chelsea,2,1,2.8,3.8,2.58,1.63
46,E0,20/09/2025,Fulham,Brentford,3,1,2.08,3.55,4.0,2.02
47,E0,21/09/2025,Bournemouth,Newcastle,0,0,2.52,3.6,2.98,1.91
48,E0,21/09/2025,Sunderland,Aston Villa,1,1,3.75,3.4,2.22,2.26
49,E0,21/09/2025,Arsenal,Man City,1,1,1.97,3.85,4.1,1.89
50,E0,27/09/2025,Brentford,Man United,3,1,3.7,3.95,2.08,1.72
51,E0,27/09/2025,Chelsea,Brighton,1,3,1.96,4.0,4.1,1.66
52,E0,27/09/2025,Crystal Palace,Liverpool,2,1,4.2,3.85,1.97,1.83
53,E0,27/09/2025,Leeds,Bournemouth,2,2,3.15,3.4,2.54,2.12
54,E0,27/09/2025,Man City,Burnley,5,1,1.19,9.2,19.5,1.47
55,E0,27/09/2025,Nott'm Forest,Sunderland,0,1,1.83,3.8,5.1,2.12
56,E0,27/09/2025,Tottenham,Wolves,1,1,1.49,5.1,7.2,1.75
57,E0,28/09/2025,Aston Villa,Fulham,3,1,2.38,3.25,3.6,2.28
58,E0,28/09/2025,Newcastle,Arsenal,1,2,3.75,3.45,2.24,2.28
59,E0,29/09/2025,Everton,West Ham,1,1,1.73,3.9,5.5,1.99
60,E0,03/10/2025,Bournemouth,Fulham,3,1,2.06,3.65,4.1,2.06
61,E0,04/10/2025,Leeds,Tottenham,1,2,2.86,3.55,2.68,2.0
62,E0,04/10/2025,Arsenal,West Ham,2,0,1.22,7.8,17.5,1.59
63,E0,04/10/2025,Man United,Sunderland,2,0,1.53,4.9,6.6,1.67
64,E0,04/10/2025,Chelsea,Liverpool,2,1,3.0,3.85,2.42,1.57
65,E0,05/10/2025,Aston Villa,Burnley,2,1,1.64,4.0,6.4,2.02
66,E0,05/10/2025,Everton,Crystal Palace,2,1,2.6,3.3,3.1,2.28
67,E0,05/10/2025,Newcastle,Nott'm Forest,2,0,1.59,4.5,6.2,1.79
68,E0,05/10/2025,Wolves,Brighton,1,1,3.85,3.8,2.08,1.89
69,E0,05/10/2025,Brentford,Man City,0,1,5.2,4.6,1.67,1.62
70,E0,18/10/2025,Nott'm Forest,Chelsea,0,3,3.9,3.95,2.02,1.75
71,E0,18/10/2025,Brighton,Newcastle,2,1,2.82,3.6,2.66,1.91
72,E0,18/10/2025,Burnley,Leeds,2,0,3.55,3.35,2.32,2.4
73,E0,18/10/2025,Crystal Palace,Bournemouth,3,3,2.32,3.45,3.5,2.0
74,E0,18/10/2025,Man City,Everton,2,0,1.42,5.3,8.8,1.74
75,E0,18/10/2025,Sunderland,Wolves,2,0,2.56,3.15,3.3,2.62
76,E0,18/10/2025,Fulham,Arsenal,0,1,6.8,4.5,1.57,2.04
77,E0,19/10/2025,Tottenham,Aston Villa,1,2,2.16,3.8,3.6,1.92
78,E0,19/10/2025,Liverpool,Man United,1,2,1.64,4.6,5.5,1.48
79,E0,20/10/2025,West Ham,Brentford,0,2,2.68,3.5,2.9,1.92
80,E0,24/10/2025,Leeds,West Ham,2,1,1.87,3.75,4.9,2.16
81,E0,25/10/2025,Chelsea,Sunderland,1,2,1.42,5.2,9.4,1.76
82,E0,25/10/2025,Newcastle,Fulham,2,1,1.68,4.1,6.0,2.0
83,E0,25/10/2025,Man United,Brighton,4,2,2.06,4.0,3.7,1.54
84,E0,25/10/2025,Brentford,Liverpool,3,2,4.5,4.2,1.81,1.58
85,E0,26/10/2025,Arsenal,Crystal Palace,1,0,1.44,5.0,8.6,1.79
86,E0,26/10/2025,Aston Villa,Man City,1,0,4.6,4.0,1.85,1.81
87,E0,26/10/2025,Bournemouth,Nott'm Forest,2,0,1.84,4.0,4.6,1.94
88,E0,26/10/2025,Wolves,Burnley,2,3,1.99,3.4,4.7,2.4
89,E0,26/10/2025,Everton,Tottenham,0,3,2.42,3.45,3.2,2.02
90,E0,01/11/2025,Brighton,Leeds,3,0,1.94,3.85,4.4,1.9
91,E0,01/11/2025,Burnley,Arsenal,0,2,12.5,6.2,1.3,1.82
92,E0,01/11/2025,Crystal Palace,Brentford,2,0,1.99,3.8,4.2,1.8
93,E0,01/11/2025,Fulham,Wolves,3,0,1.93,3.6,4.8,2.36
94,E0,01/11/2025,Nott'm Forest,Man United,2,2,3.65,3.9,2.1,1.81
95,E0,01/11/2025,Tottenham,Chelsea,0,1,2.88,3.65,2.62,1.77
96,E0,01/11/2025,Liverpool,Aston Villa,2,0,1.68,4.5,5.2,1.58
97,E0,02/11/2025,West Ham,Newcastle,3,1,5.4,4.4,1.68,1.82
98,E0,02/11/2025,Man City,Bournemouth,3,1,1.55,4.8,6.4,1.59
99,E0,03/11/2025,Sunderland,Everton,1,1,2.9,3.2,2.86,2.46
100,E0,08/11/2025,Tottenham,Man United,2,2,2.82,3.65,2.66,1.72
101,E0,08/11/2025,Everton,Fulham,2,0,2.32,3.4,3.55,2.26
102,E0,08/11/2025,West Ham,Burnley,3,2,1.98,3.7,4.4,2.12
103,E0,08/11/2025,Sunderland,Arsenal,2,2,9.2,5.1,1.42,2.16
104,E0,08/11/2025,Chelsea,Wolves,3,0,1.39,5.5,9.4,1.71
105,E0,09/11/2025,Aston Villa,Bournemouth,4,0,2.28,3.6,3.45,1.91
106,E0,09/11/2025,Brentford,Newcastle,3,1,2.96,3.55,2.58,1.93
107,E0,09/11/2025,Crystal Palace,Brighton,0,0,2.38,3.6,3.25,1.78
108,E0,09/11/2025,Nott'm Forest,Leeds,3,1,2.32,3.45,3.45,2.16
109,E0,09/11/2025,Man City,Liverpool,3,0,1.94,4.1,4.0,1.51
